index,d__Bacteria;p__Firmicutes_D;c__Bacilli;o__Lactobacillales;f__Streptococcaceae;g__Streptococcus,d__Bacteria;__;__;__;__;__,d__Bacteria;p__Proteobacteria;c__Gammaproteobacteria;o__Burkholderiales_597441;f__Neisseriaceae_563222;__,d__Bacteria;p__Actinobacteriota;c__Actinomycetia;o__Actinomycetales;f__Micrococcaceae;g__Rothia,d__Bacteria;p__Proteobacteria;c__Gammaproteobacteria;__;__;__,d__Bacteria;p__Proteobacteria;c__Gammaproteobacteria;o__Pseudomonadales_660879;f__Moraxellaceae;g__Moraxella_C_651924,d__Bacteria;p__Firmicutes_D;c__Bacilli;o__Lactobacillales;f__Aerococcaceae;g__WM01,d__Bacteria;p__Actinobacteriota;c__Actinomycetia;o__Mycobacteriales;f__Mycobacteriaceae;g__Corynebacterium,d__Bacteria;p__Actinobacteriota;c__Actinomycetia;o__Actinomycetales;f__Actinomycetaceae;__,d__Bacteria;p__Proteobacteria;c__Gammaproteobacteria;o__Enterobacterales_A_737866;f__Pasteurellaceae;__,d__Bacteria;p__Actinobacteriota;c__Actinomycetia;o__Actinomycetales;f__Microbacteriaceae;__,d__Bacteria;p__Fusobacteriota;c__Fusobacteriia;o__Fusobacteriales_993521;f__Fusobacteriaceae_993521;g__Fusobacterium_C,d__Bacteria;p__Proteobacteria;c__Gammaproteobacteria;o__Burkholderiales_592524;__;__,d__Bacteria;p__Fusobacteriota;c__Fusobacteriia;o__Fusobacteriales_993777;f__Leptotrichiaceae;__,d__Bacteria;p__Bacteroidota;c__Bacteroidia;o__Bacteroidales;f__Bacteroidaceae;g__Bacteroides_H,d__Bacteria;p__Fusobacteriota;c__Fusobacteriia;o__Fusobacteriales_993777;f__Leptotrichiaceae;g__Pseudoleptotrichia,d__Bacteria;p__Bacteroidota;c__Bacteroidia;o__Flavobacteriales_877923;f__Flavobacteriaceae;g__Capnocytophaga_820688,d__Bacteria;p__Firmicutes_A;c__Clostridia_258483;o__Lachnospirales;f__Lachnospiraceae;__,d__Bacteria;p__Firmicutes_C;c__Negativicutes;o__Veillonellales;f__Veillonellaceae;g__Veillonella_A,d__Bacteria;p__Proteobacteria;c__Gammaproteobacteria;o__Burkholderiales_592522;f__Burkholderiaceae_A_592522;__,d__Bacteria;p__Firmicutes_D;c__Bacilli;o__Staphylococcales;f__Gemellaceae;g__Gemella,d__Bacteria;p__Actinobacteriota;c__Actinomycetia;o__Actinomycetales;f__Actinomycetaceae;g__Actinomyces,d__Bacteria;p__Patescibacteria;c__Saccharimonadia;o__Saccharimonadales;f__UBA10027;g__SDRW01,d__Bacteria;p__Firmicutes_A;c__Clostridia_258483;o__Peptostreptococcales;f__Filifactoraceae_235894;g__Proteocatella_235853,d__Bacteria;p__Proteobacteria;c__Gammaproteobacteria;o__Cardiobacteriales;f__Cardiobacteriaceae;g__Cardiobacterium,d__Bacteria;p__Actinobacteriota;c__Actinomycetia;__;__;__,d__Bacteria;p__Bacteroidota;c__Bacteroidia;o__Bacteroidales;f__Porphyromonadaceae;g__Porphyromonas_A_859423,d__Bacteria;p__Bacteroidota;c__Bacteroidia;o__Bacteroidales;f__Tannerellaceae;__,d__Bacteria;p__Bacteroidota;c__Bacteroidia;o__Flavobacteriales_877923;f__Weeksellaceae;__,d__Bacteria;p__Bacteroidota;c__Bacteroidia;o__Bacteroidales;__;__,d__Bacteria;p__Actinobacteriota;c__Actinomycetia;o__Propionibacteriales;f__Propionibacteriaceae;g__Arachnia,d__Bacteria;p__Bacteroidota;c__Bacteroidia;o__Bacteroidales;f__Paludibacteraceae;g__F0058,d__Bacteria;p__Proteobacteria;c__Gammaproteobacteria;o__Burkholderiales_597441;f__Neisseriaceae_563222;g__Alysiella,d__Bacteria;p__Firmicutes_D;c__Bacilli;o__Lactobacillales;__;__,d__Bacteria;p__Firmicutes_D;c__Bacilli;o__Lactobacillales;f__Aerococcaceae;__,d__Bacteria;p__Proteobacteria;c__Gammaproteobacteria;o__Cardiobacteriales;f__Cardiobacteriaceae;g__Suttonella,d__Bacteria;p__Campylobacterota;c__Campylobacteria;o__Campylobacterales;f__Campylobacteraceae;__,d__Bacteria;p__Patescibacteria;c__Saccharimonadia;o__Saccharimonadales;__;__,d__Bacteria;p__Bacteroidota;c__Bacteroidia;o__Bacteroidales;f__Bacteroidaceae;g__Alloprevotella,d__Bacteria;p__Firmicutes_A;c__Clostridia_258483;o__Peptostreptococcales;f__Filifactoraceae_235894;g__Peptoanaerobacter,d__Bacteria;p__Proteobacteria;c__Gammaproteobacteria;o__Enterobacterales_A_737866;f__Pasteurellaceae;g__Actinobacillus_B,d__Bacteria;p__Firmicutes_A;c__Clostridia_258483;o__Tissierellales;f__Peptoniphilaceae;g__Parvimonas,d__Bacteria;p__Desulfobacterota_I;c__Desulfovibrionia;o__Desulfovibrionales;f__Desulfovibrionaceae;g__Desulfovibrio_R_446353,d__Bacteria;p__Bacteroidota;c__Bacteroidia;o__Flavobacteriales_877923;f__Flavobacteriaceae;g__Capnocytophaga_820690,d__Bacteria;p__Campylobacterota;c__Campylobacteria;o__Campylobacterales;f__Campylobacteraceae;g__Campylobacter_A,d__Bacteria;p__Actinobacteriota;c__Actinomycetia;o__Propionibacteriales;f__Propionibacteriaceae;g__Brooklawnia,d__Bacteria;p__Patescibacteria;__;__;__;__,d__Bacteria;p__Actinobacteriota;c__Actinomycetia;o__Propionibacteriales;f__Propionibacteriaceae;g__Naumannella,d__Bacteria;p__Bacteroidota;c__Bacteroidia;o__Bacteroidales;f__Bacteroidaceae;g__Ga6A1,d__Bacteria;p__Bacteroidota;c__Bacteroidia;o__Bacteroidales;f__Porphyromonadaceae;g__Porphyromonas_A_859424,d__Bacteria;p__Bacteroidota;c__Bacteroidia;o__Bacteroidales;f__Bacteroidaceae;g__Prevotella,d__Bacteria;p__Bacteroidota;c__Bacteroidia;o__Bacteroidales;f__Dysgonomonadaceae;g__Proteiniphilum,d__Bacteria;p__Fusobacteriota;c__Fusobacteriia;o__Fusobacteriales_993777;f__Leptotrichiaceae;g__Leptotrichia_A_993758,d__Bacteria;p__Desulfobacterota_I;c__Desulfobulbia;o__Desulfobulbales;f__Desulfobulbaceae;__,d__Bacteria;p__Campylobacterota;c__Campylobacteria;o__Campylobacterales;f__Campylobacteraceae;g__Campylobacter_B,d__Bacteria;p__Synergistota;c__Synergistia;o__Synergistales;f__Aminobacteriaceae;g__CAJPSE01,d__Bacteria;p__Firmicutes_A;c__Clostridia_258483;o__Peptostreptococcales;f__Peptostreptococcaceae_256921;g__Peptostreptococcus,d__Bacteria;p__Bacteroidota;c__Bacteroidia;o__Bacteroidales;f__P3;g__UBA10566,d__Bacteria;p__Firmicutes_D;c__Bacilli;o__Erysipelotrichales;f__Erysipelotrichaceae;__,d__Bacteria;p__Bacteroidota;c__Bacteroidia;o__Bacteroidales;f__UBA932;__,d__Bacteria;p__Firmicutes_A;c__Clostridia_258483;__;__;__,d__Bacteria;p__Proteobacteria;c__Gammaproteobacteria;o__Pseudomonadales_660879;f__Moraxellaceae;g__Alkanindiges,d__Bacteria;p__Firmicutes_A;c__Clostridia_258483;o__Lachnospirales;f__Lachnospiraceae;g__F0428,d__Bacteria;p__Firmicutes_C;c__Negativicutes;o__Selenomonadales;f__Selenomonadaceae_42771;__,d__Bacteria;p__Spirochaetota;c__Spirochaetia;o__Treponematales;f__Treponemataceae;g__Treponema_B_986141,d__Bacteria;p__Patescibacteria;c__JAEDAM01;o__Absconditabacterales;f__X112;g__HOT-345,d__Bacteria;p__Bacteroidota;c__Bacteroidia;o__Bacteroidales;f__Tannerellaceae;g__Marseille-P3160,d__Bacteria;p__Firmicutes_A;c__Clostridia_258483;o__Peptostreptococcales;f__Acidaminobacteraceae;g__Fusibacter_A,d__Bacteria;p__Firmicutes_A;c__Clostridia_258483;o__Christensenellales;f__CAG-74;g__Limiplasma,d__Bacteria;p__Firmicutes_A;c__Clostridia_258483;o__Lachnospirales;f__Lachnospiraceae;g__Agathobacter_164119,d__Bacteria;p__Firmicutes_A;c__Clostridia_258483;o__Lachnospirales;f__Lachnospiraceae;g__Johnsonella,d__Bacteria;p__Bacteroidota;c__Bacteroidia;o__Bacteroidales;f__Porphyromonadaceae;g__Porphyromonas_A_859426,d__Bacteria;p__Patescibacteria;c__Saccharimonadia;o__Saccharimonadales;f__Nanogingivalaceae;g__Nanogingivalis,d__Bacteria;p__Firmicutes_C;c__Negativicutes;o__Selenomonadales;f__Selenomonadaceae_42771;g__Mitsuokella,d__Bacteria;p__Firmicutes_A;c__Clostridia_258483;o__Lachnospirales;__;__,d__Bacteria;p__Bacteroidota;c__Bacteroidia;o__Bacteroidales;f__Paludibacteraceae;g__H1,d__Bacteria;p__Bacteroidota;c__Bacteroidia;o__Bacteroidales;f__Tannerellaceae;g__Tannerella,d__Bacteria;p__Patescibacteria;c__JAEDAM01;o__BD1-5;f__UBA6164;g__JAACSU01,d__Bacteria;p__Bacteroidota;c__Bacteroidia;o__Bacteroidales;f__Bacteroidaceae;g__Paraprevotella,d__Bacteria;p__Firmicutes_A;c__Clostridia_258483;o__Peptostreptococcales;f__Filifactoraceae_235894;g__Acetoanaerobium,d__Bacteria;p__Firmicutes_A;c__Clostridia_258483;o__Peptostreptococcales;f__Acidaminobacteraceae;__,d__Bacteria;p__Bacteroidota;c__Bacteroidia;o__Bacteroidales;f__UBA932;g__Cryptobacteroides,d__Bacteria;p__Firmicutes_D;c__Bacilli;o__Erysipelotrichales;f__Erysipelotrichaceae;g__Catenisphaera,d__Bacteria;p__Firmicutes_A;c__Clostridia_258483;o__Oscillospirales;f__Oscillospiraceae_88309;__,d__Bacteria;p__Spirochaetota;c__Spirochaetia;o__Treponematales;f__Treponemataceae;g__Treponema_C,d__Bacteria;p__Actinobacteriota;c__Actinomycetia;o__Propionibacteriales;f__Propionibacteriaceae;g__Nigerium,d__Bacteria;p__Firmicutes_A;c__Clostridia_258483;o__Lachnospirales;f__Vallitaleaceae_A_116062;g__W11650,d__Bacteria;p__Proteobacteria;c__Gammaproteobacteria;o__Pseudomonadales_660879;f__Moraxellaceae;g__Acinetobacter,d__Bacteria;p__Patescibacteria;c__Saccharimonadia;o__Saccharimonadales;f__Nanosyncoccaceae;g__Nanosyncoccus,d__Bacteria;p__Firmicutes_A;c__Clostridia_258483;o__Peptostreptococcales;f__Anaerovoracaceae;g__CAG-238,d__Bacteria;p__Campylobacterota;c__Campylobacteria;o__Campylobacterales;f__Arcobacteraceae;g__Aliarcobacter,d__Bacteria;p__Firmicutes_A;c__Clostridia_258483;o__Peptostreptococcales;f__Anaerovoracaceae;__,d__Bacteria;p__Desulfobacterota_I;c__Desulfobulbia;o__Desulfobulbales;f__Desulfobulbaceae;g__Desulfobulbus_A_451156,d__Bacteria;p__Firmicutes_D;c__Bacilli;o__Erysipelotrichales;f__Erysipelotrichaceae;g__UBA9076,d__Bacteria;p__Bacteroidota;c__Bacteroidia;o__Bacteroidales;f__Tenuifilaceae;__,d__Bacteria;p__Campylobacterota;c__Campylobacteria;o__Campylobacterales;f__Helicobacteraceae;g__Wolinella,d__Bacteria;p__Firmicutes_A;c__Clostridia_258483;o__Peptostreptococcales;__;__,d__Bacteria;p__Proteobacteria;c__Gammaproteobacteria;o__Burkholderiales_595425;f__Burkholderiaceae_A_595425;__,d__Bacteria;p__Bacteroidota;c__Bacteroidia;o__Flavobacteriales_877923;f__Flavobacteriaceae;__,seq-pos,subject,sample-type,tooth-number,tooth-location,replicate,gender,age,disease-state,din
EF1,5736.0,0.0,170.0,178.0,366.0,134.0,70.0,197.0,133.0,186.0,134.0,282.0,88.0,90.0,30.0,162.0,99.0,226.0,0.0,79.0,110.0,228.0,62.0,142.0,74.0,91.0,147.0,62.0,0.0,50.0,32.0,68.0,44.0,0.0,0.0,0.0,43.0,0.0,53.0,69.0,0.0,49.0,0.0,18.0,0.0,0.0,0.0,43.0,18.0,68.0,20.0,0.0,25.0,0.0,75.0,0.0,0.0,0.0,0.0,17.0,5.0,59.0,49.0,18.0,25.0,3.0,0.0,7.0,0.0,0.0,41.0,4.0,15.0,0.0,0.0,0.0,32.0,0.0,0.0,0.0,17.0,0.0,0.0,0.0,0.0,0.0,0.0,0.0,7.0,0.0,0.0,0.0,0.0,0.0,0.0,0.0,0.0,0.0,0.0,18.0,Horse-3,Gum,1.0,uppper jaw left,1.0,S,16.0,diseased,6.9
EF2,1779.0,5.0,387.0,1070.0,188.0,565.0,93.0,179.0,84.0,397.0,116.0,272.0,29.0,130.0,137.0,111.0,103.0,163.0,136.0,47.0,106.0,157.0,69.0,93.0,72.0,48.0,155.0,0.0,0.0,273.0,15.0,25.0,594.0,0.0,0.0,0.0,40.0,72.0,229.0,47.0,33.0,30.0,0.0,59.0,25.0,31.0,9.0,0.0,128.0,51.0,115.0,0.0,0.0,0.0,60.0,0.0,22.0,0.0,35.0,12.0,17.0,19.0,45.0,0.0,8.0,25.0,0.0,0.0,0.0,0.0,0.0,19.0,0.0,0.0,25.0,0.0,14.0,18.0,0.0,0.0,10.0,0.0,18.0,0.0,0.0,0.0,0.0,8.0,0.0,16.0,0.0,0.0,0.0,0.0,0.0,0.0,4.0,0.0,0.0,19.0,Horse-3,Gum,2.0,upper jaw right,2.0,S,16.0,diseased,7.4
EF3,1051.0,16.0,169.0,933.0,984.0,130.0,0.0,484.0,113.0,97.0,275.0,232.0,83.0,105.0,65.0,280.0,0.0,65.0,55.0,33.0,367.0,265.0,78.0,0.0,91.0,37.0,25.0,0.0,0.0,51.0,215.0,23.0,88.0,20.0,0.0,51.0,0.0,0.0,54.0,48.0,0.0,16.0,0.0,16.0,0.0,99.0,98.0,34.0,0.0,37.0,15.0,0.0,148.0,64.0,49.0,0.0,7.0,0.0,11.0,0.0,0.0,0.0,58.0,0.0,0.0,0.0,0.0,0.0,0.0,0.0,32.0,0.0,14.0,0.0,0.0,0.0,0.0,0.0,0.0,0.0,0.0,0.0,0.0,0.0,0.0,0.0,0.0,0.0,0.0,18.0,0.0,0.0,0.0,12.0,0.0,0.0,0.0,0.0,0.0,20.0,Horse-3,Gum,3.0,upper jaw right,3.0,S,16.0,diseased,7.4
EF4,3426.0,0.0,775.0,582.0,303.0,397.0,74.0,154.0,120.0,201.0,26.0,162.0,124.0,140.0,211.0,150.0,108.0,402.0,212.0,67.0,109.0,239.0,109.0,151.0,142.0,78.0,104.0,56.0,54.0,173.0,113.0,41.0,0.0,0.0,0.0,0.0,61.0,13.0,59.0,163.0,70.0,0.0,0.0,80.0,0.0,0.0,13.0,0.0,0.0,19.0,0.0,0.0,0.0,0.0,0.0,0.0,4.0,0.0,35.0,0.0,12.0,0.0,0.0,0.0,0.0,32.0,0.0,11.0,0.0,0.0,0.0,0.0,0.0,14.0,0.0,0.0,0.0,30.0,0.0,0.0,0.0,0.0,0.0,0.0,0.0,0.0,19.0,19.0,0.0,0.0,0.0,0.0,0.0,0.0,0.0,0.0,0.0,0.0,0.0,21.0,Horse-3,Gum,1.0,up left,4.0,S,16.0,diseased,6.3
EP1,4868.0,0.0,265.0,180.0,341.0,48.0,0.0,125.0,120.0,75.0,93.0,38.0,0.0,41.0,0.0,69.0,0.0,0.0,0.0,6.0,0.0,102.0,21.0,11.0,0.0,0.0,39.0,7.0,42.0,0.0,8.0,0.0,0.0,0.0,0.0,0.0,0.0,0.0,35.0,0.0,0.0,0.0,0.0,0.0,0.0,0.0,0.0,0.0,0.0,8.0,76.0,0.0,0.0,0.0,0.0,0.0,0.0,0.0,0.0,0.0,0.0,0.0,0.0,0.0,0.0,0.0,0.0,0.0,0.0,0.0,0.0,41.0,0.0,0.0,0.0,0.0,0.0,0.0,0.0,0.0,0.0,0.0,19.0,0.0,0.0,0.0,0.0,0.0,0.0,0.0,0.0,0.0,0.0,0.0,0.0,0.0,0.0,3.0,0.0,13.0,Horse-3,Plaque,1.0,uppper jaw left,1.0,S,16.0,diseased,6.7
EP2,2024.0,0.0,299.0,1333.0,233.0,120.0,80.0,138.0,72.0,128.0,69.0,204.0,0.0,113.0,42.0,79.0,64.0,0.0,99.0,9.0,0.0,120.0,0.0,0.0,0.0,0.0,25.0,0.0,64.0,0.0,0.0,0.0,0.0,0.0,0.0,0.0,0.0,42.0,0.0,0.0,0.0,0.0,0.0,15.0,0.0,10.0,0.0,0.0,12.0,0.0,52.0,0.0,0.0,0.0,0.0,0.0,0.0,0.0,0.0,0.0,0.0,0.0,0.0,0.0,0.0,0.0,0.0,0.0,0.0,0.0,0.0,34.0,0.0,0.0,0.0,0.0,0.0,0.0,0.0,0.0,0.0,0.0,17.0,0.0,0.0,0.0,0.0,0.0,0.0,0.0,0.0,0.0,14.0,0.0,0.0,0.0,3.0,0.0,0.0,14.0,Horse-3,Plaque,2.0,upper jaw right,2.0,S,16.0,diseased,7.5
EP3,1595.0,0.0,36.0,223.0,1144.0,33.0,0.0,72.0,171.0,0.0,608.0,17.0,0.0,0.0,8.0,80.0,0.0,0.0,54.0,0.0,36.0,157.0,80.0,0.0,11.0,0.0,0.0,0.0,0.0,0.0,18.0,0.0,0.0,0.0,0.0,0.0,0.0,0.0,0.0,0.0,0.0,0.0,0.0,0.0,0.0,12.0,0.0,0.0,0.0,0.0,0.0,0.0,12.0,0.0,0.0,0.0,0.0,0.0,0.0,0.0,0.0,0.0,15.0,0.0,0.0,0.0,0.0,0.0,0.0,0.0,0.0,0.0,0.0,0.0,0.0,0.0,0.0,0.0,0.0,0.0,0.0,0.0,0.0,0.0,0.0,0.0,0.0,0.0,0.0,0.0,0.0,0.0,0.0,0.0,0.0,0.0,0.0,0.0,0.0,15.0,Horse-3,Plaque,3.0,upper jaw right,3.0,S,16.0,diseased,6.8
EP4,4254.0,0.0,329.0,0.0,428.0,101.0,17.0,114.0,114.0,33.0,94.0,0.0,0.0,162.0,36.0,71.0,20.0,0.0,0.0,0.0,0.0,0.0,0.0,0.0,81.0,0.0,0.0,6.0,30.0,0.0,76.0,0.0,0.0,0.0,0.0,0.0,0.0,0.0,0.0,0.0,0.0,0.0,0.0,7.0,0.0,0.0,0.0,0.0,0.0,0.0,0.0,0.0,0.0,0.0,0.0,0.0,0.0,0.0,0.0,0.0,0.0,0.0,0.0,0.0,0.0,0.0,0.0,0.0,0.0,0.0,0.0,0.0,0.0,0.0,0.0,0.0,0.0,0.0,0.0,0.0,0.0,0.0,0.0,0.0,0.0,0.0,0.0,0.0,0.0,0.0,0.0,0.0,0.0,0.0,0.0,0.0,0.0,8.0,0.0,16.0,Horse-3,Plaque,1.0,up left,4.0,S,16.0,diseased,6.7
EP5,5631.0,0.0,373.0,380.0,384.0,102.0,72.0,116.0,157.0,47.0,38.0,172.0,22.0,139.0,75.0,39.0,67.0,79.0,52.0,25.0,0.0,30.0,0.0,69.0,0.0,7.0,66.0,0.0,8.0,43.0,33.0,0.0,0.0,0.0,0.0,0.0,0.0,55.0,25.0,7.0,0.0,0.0,0.0,63.0,0.0,0.0,0.0,0.0,0.0,0.0,27.0,0.0,0.0,0.0,0.0,0.0,0.0,0.0,0.0,0.0,0.0,0.0,0.0,0.0,0.0,0.0,0.0,0.0,5.0,0.0,0.0,13.0,0.0,0.0,0.0,0.0,0.0,0.0,0.0,0.0,0.0,0.0,21.0,0.0,0.0,0.0,0.0,0.0,0.0,0.0,0.0,0.0,6.0,0.0,0.0,0.0,0.0,0.0,0.0,17.0,Horse-3,Plaque,1.0,up left,5.0,S,16.0,diseased,6.8
KF1,823.0,0.0,102.0,218.0,37.0,0.0,109.0,129.0,13.0,930.0,0.0,73.0,55.0,30.0,116.0,0.0,0.0,0.0,92.0,120.0,0.0,95.0,0.0,0.0,174.0,0.0,0.0,0.0,0.0,0.0,169.0,0.0,0.0,17.0,0.0,0.0,113.0,0.0,0.0,0.0,0.0,0.0,0.0,58.0,0.0,0.0,0.0,0.0,0.0,0.0,87.0,0.0,59.0,0.0,0.0,0.0,0.0,0.0,0.0,0.0,0.0,0.0,0.0,113.0,0.0,0.0,0.0,0.0,0.0,0.0,0.0,0.0,0.0,16.0,0.0,0.0,0.0,0.0,0.0,0.0,0.0,0.0,0.0,0.0,0.0,0.0,0.0,0.0,0.0,0.0,0.0,0.0,0.0,0.0,0.0,0.0,0.0,0.0,0.0,7.0,Horse-1,Gum,1.0,upper jaw left,1.0,W,10.0,healthy,7.6
KP1,1579.0,0.0,111.0,1481.0,67.0,0.0,43.0,46.0,139.0,419.0,0.0,0.0,0.0,0.0,0.0,0.0,0.0,0.0,82.0,32.0,0.0,0.0,0.0,0.0,0.0,0.0,0.0,0.0,18.0,0.0,9.0,0.0,0.0,27.0,0.0,0.0,12.0,0.0,0.0,0.0,0.0,0.0,0.0,0.0,0.0,0.0,0.0,0.0,0.0,0.0,0.0,0.0,0.0,0.0,0.0,0.0,0.0,0.0,0.0,0.0,0.0,0.0,0.0,0.0,0.0,0.0,0.0,0.0,0.0,0.0,0.0,0.0,0.0,0.0,0.0,0.0,0.0,0.0,0.0,0.0,0.0,0.0,0.0,0.0,0.0,0.0,0.0,0.0,0.0,0.0,0.0,0.0,0.0,0.0,0.0,0.0,0.0,0.0,0.0,1.0,Horse-1,Plaque,1.0,upper jaw left,1.0,W,10.0,healthy,7.6
KP2,1748.0,0.0,131.0,1613.0,49.0,0.0,80.0,226.0,90.0,413.0,0.0,0.0,37.0,0.0,103.0,0.0,0.0,0.0,64.0,90.0,0.0,23.0,0.0,0.0,71.0,0.0,5.0,0.0,15.0,0.0,64.0,0.0,0.0,34.0,0.0,0.0,89.0,0.0,0.0,5.0,0.0,0.0,0.0,0.0,0.0,0.0,0.0,0.0,0.0,0.0,20.0,0.0,0.0,0.0,0.0,0.0,0.0,0.0,0.0,2.0,0.0,0.0,0.0,0.0,0.0,0.0,0.0,0.0,0.0,0.0,0.0,0.0,0.0,0.0,0.0,0.0,0.0,0.0,0.0,0.0,0.0,0.0,0.0,0.0,0.0,0.0,0.0,0.0,0.0,0.0,0.0,0.0,0.0,0.0,0.0,0.0,0.0,0.0,0.0,2.0,Horse-1,Plaque,2.0,upper jaw rigth,2.0,W,10.0,healthy,6.7
KP3,535.0,0.0,30.0,619.0,0.0,0.0,0.0,13.0,0.0,890.0,0.0,51.0,0.0,0.0,0.0,14.0,49.0,0.0,81.0,159.0,0.0,80.0,0.0,0.0,0.0,0.0,0.0,0.0,0.0,0.0,18.0,0.0,0.0,18.0,0.0,0.0,35.0,0.0,0.0,0.0,0.0,0.0,0.0,25.0,0.0,20.0,0.0,0.0,0.0,0.0,14.0,0.0,0.0,0.0,0.0,0.0,0.0,0.0,0.0,0.0,0.0,0.0,0.0,39.0,0.0,0.0,0.0,0.0,0.0,0.0,0.0,0.0,0.0,0.0,0.0,0.0,0.0,0.0,0.0,0.0,0.0,0.0,0.0,0.0,0.0,0.0,0.0,0.0,0.0,0.0,0.0,0.0,0.0,0.0,0.0,0.0,0.0,0.0,0.0,3.0,Horse-1,Plaque,3.0,bottom jaw right,3.0,W,10.0,healthy,6.8
KP4,629.0,0.0,929.0,0.0,58.0,104.0,109.0,43.0,122.0,185.0,19.0,226.0,85.0,138.0,214.0,204.0,71.0,395.0,0.0,0.0,22.0,0.0,0.0,212.0,44.0,22.0,44.0,38.0,39.0,216.0,0.0,319.0,0.0,0.0,116.0,24.0,24.0,0.0,91.0,77.0,0.0,0.0,108.0,47.0,0.0,8.0,0.0,0.0,0.0,66.0,22.0,25.0,0.0,54.0,0.0,65.0,31.0,0.0,39.0,20.0,77.0,35.0,0.0,0.0,0.0,21.0,46.0,38.0,0.0,43.0,0.0,0.0,13.0,36.0,6.0,4.0,0.0,0.0,0.0,26.0,13.0,12.0,0.0,20.0,20.0,0.0,0.0,0.0,0.0,0.0,7.0,9.0,0.0,0.0,0.0,0.0,0.0,0.0,0.0,4.0,Horse-1,Plaque,1.0,up right,4.0,W,10.0,healthy,7.1
KP5,969.0,17.0,952.0,0.0,71.0,168.0,184.0,136.0,158.0,302.0,73.0,315.0,0.0,160.0,257.0,164.0,79.0,360.0,0.0,61.0,75.0,99.0,0.0,153.0,119.0,61.0,90.0,44.0,44.0,393.0,0.0,165.0,0.0,42.0,34.0,0.0,0.0,0.0,101.0,105.0,0.0,0.0,71.0,77.0,0.0,12.0,0.0,0.0,0.0,90.0,14.0,17.0,0.0,36.0,0.0,52.0,31.0,0.0,88.0,42.0,75.0,12.0,0.0,11.0,0.0,39.0,25.0,40.0,0.0,35.0,0.0,0.0,22.0,30.0,0.0,11.0,0.0,20.0,21.0,11.0,16.0,3.0,0.0,0.0,13.0,0.0,0.0,0.0,19.0,0.0,17.0,0.0,0.0,0.0,11.0,8.0,0.0,0.0,0.0,5.0,Horse-1,Plaque,2.0,up left,5.0,W,10.0,healthy,7.1
KP6,856.0,29.0,1029.0,13.0,80.0,39.0,183.0,50.0,118.0,154.0,39.0,274.0,37.0,121.0,167.0,174.0,88.0,267.0,0.0,37.0,16.0,109.0,0.0,218.0,47.0,42.0,8.0,28.0,63.0,194.0,0.0,242.0,0.0,31.0,27.0,49.0,0.0,0.0,45.0,81.0,0.0,0.0,79.0,42.0,84.0,0.0,0.0,0.0,0.0,19.0,2.0,30.0,0.0,79.0,0.0,73.0,71.0,0.0,45.0,15.0,34.0,9.0,0.0,0.0,0.0,9.0,0.0,45.0,0.0,19.0,0.0,0.0,0.0,28.0,0.0,21.0,0.0,0.0,2.0,0.0,6.0,0.0,0.0,0.0,16.0,0.0,0.0,0.0,0.0,0.0,0.0,0.0,0.0,0.0,0.0,0.0,0.0,0.0,0.0,6.0,Horse-1,Plaque,3.0,up left,6.0,W,10.0,healthy,7.0
TF1,1132.0,0.0,1227.0,161.0,145.0,488.0,61.0,235.0,59.0,456.0,0.0,411.0,65.0,243.0,222.0,181.0,96.0,273.0,0.0,66.0,486.0,224.0,37.0,189.0,108.0,68.0,158.0,145.0,112.0,193.0,87.0,27.0,106.0,44.0,83.0,14.0,107.0,19.0,212.0,104.0,36.0,86.0,10.0,104.0,50.0,61.0,0.0,50.0,0.0,49.0,50.0,33.0,0.0,54.0,0.0,0.0,12.0,9.0,93.0,11.0,0.0,45.0,10.0,0.0,0.0,18.0,0.0,25.0,0.0,0.0,28.0,5.0,20.0,8.0,0.0,0.0,0.0,0.0,0.0,0.0,0.0,0.0,0.0,0.0,0.0,20.0,4.0,0.0,0.0,0.0,0.0,0.0,0.0,7.0,0.0,0.0,0.0,0.0,2.0,11.0,Horse-2,Gum,1.0,upper jaw left,1.0,S,24.0,onset,6.9
TF2,1419.0,0.0,935.0,34.0,278.0,147.0,74.0,150.0,185.0,373.0,0.0,519.0,72.0,222.0,221.0,159.0,121.0,359.0,0.0,139.0,82.0,0.0,0.0,136.0,53.0,103.0,198.0,74.0,30.0,178.0,46.0,89.0,0.0,56.0,39.0,0.0,84.0,0.0,107.0,59.0,82.0,71.0,22.0,81.0,22.0,21.0,0.0,0.0,61.0,29.0,0.0,44.0,0.0,35.0,0.0,0.0,0.0,0.0,39.0,30.0,0.0,0.0,0.0,0.0,0.0,28.0,0.0,20.0,0.0,0.0,0.0,0.0,0.0,0.0,0.0,0.0,0.0,0.0,0.0,0.0,24.0,0.0,0.0,0.0,0.0,9.0,0.0,0.0,17.0,0.0,0.0,0.0,0.0,0.0,0.0,0.0,0.0,0.0,0.0,12.0,Horse-2,Gum,2.0,upper jaw right,2.0,S,24.0,onset,7.3
TP1,1610.0,0.0,396.0,89.0,1255.0,270.0,57.0,143.0,118.0,142.0,109.0,309.0,30.0,0.0,175.0,174.0,87.0,6.0,0.0,0.0,130.0,66.0,45.0,41.0,34.0,0.0,135.0,0.0,23.0,354.0,73.0,0.0,51.0,43.0,14.0,26.0,0.0,0.0,148.0,18.0,26.0,0.0,8.0,0.0,50.0,19.0,0.0,0.0,48.0,45.0,6.0,0.0,0.0,34.0,0.0,21.0,20.0,0.0,48.0,31.0,0.0,0.0,0.0,0.0,51.0,18.0,0.0,0.0,0.0,0.0,0.0,14.0,0.0,8.0,0.0,0.0,0.0,0.0,9.0,0.0,0.0,0.0,0.0,0.0,8.0,0.0,0.0,0.0,0.0,0.0,0.0,0.0,0.0,0.0,0.0,0.0,0.0,0.0,3.0,8.0,Horse-2,Plaque,1.0,upper jaw left,1.0,S,24.0,onset,7.1
TP2,723.0,0.0,680.0,0.0,330.0,228.0,71.0,48.0,114.0,169.0,0.0,353.0,53.0,204.0,264.0,0.0,67.0,263.0,0.0,47.0,69.0,60.0,0.0,41.0,13.0,0.0,250.0,0.0,25.0,171.0,36.0,67.0,0.0,21.0,143.0,56.0,53.0,96.0,210.0,34.0,26.0,0.0,119.0,0.0,117.0,20.0,0.0,0.0,34.0,59.0,10.0,238.0,0.0,98.0,0.0,150.0,67.0,68.0,48.0,0.0,37.0,0.0,16.0,0.0,0.0,7.0,13.0,0.0,45.0,0.0,0.0,12.0,25.0,31.0,35.0,34.0,0.0,0.0,59.0,0.0,0.0,11.0,0.0,9.0,0.0,0.0,0.0,0.0,8.0,0.0,0.0,15.0,0.0,12.0,11.0,0.0,0.0,0.0,0.0,9.0,Horse-2,Plaque,2.0,upper jaw rigth,2.0,S,24.0,onset,7.0
TP3,1245.0,0.0,231.0,4023.0,207.0,312.0,115.0,99.0,151.0,72.0,79.0,97.0,0.0,79.0,46.0,78.0,0.0,0.0,0.0,29.0,0.0,0.0,27.0,0.0,87.0,0.0,71.0,10.0,71.0,0.0,9.0,0.0,0.0,16.0,0.0,79.0,0.0,0.0,2.0,0.0,0.0,0.0,0.0,75.0,17.0,0.0,0.0,0.0,39.0,0.0,0.0,13.0,0.0,0.0,0.0,0.0,0.0,0.0,16.0,0.0,0.0,0.0,0.0,0.0,0.0,0.0,0.0,0.0,0.0,0.0,0.0,0.0,2.0,0.0,0.0,0.0,0.0,0.0,0.0,0.0,0.0,0.0,0.0,0.0,0.0,0.0,0.0,0.0,0.0,0.0,0.0,0.0,0.0,0.0,0.0,9.0,0.0,0.0,0.0,10.0,Horse-2,Plaque,3.0,bottom jaw right,3.0,S,24.0,onset,7.5
