Genus,Taxonomy,healthy,onset,diseased,Mean Overall
Streptococcus,d__Bacteria;p__Firmicutes_D;c__Bacilli;o__Lactobacillales;f__Streptococcaceae;g__Streptococcus,22.270027166674,16.853766182244044,45.520242837429414,28.214678728782484
Rothia,d__Bacteria;p__Actinobacteriota;c__Actinomycetia;o__Actinomycetales;f__Micrococcaceae;g__Rothia,13.990139709800621,11.584526027804962,7.675818897869814,11.0834948784918
Neisseriaceae_563222* (f),d__Bacteria;p__Proteobacteria;c__Gammaproteobacteria;o__Burkholderiales_597441;f__Neisseriaceae_563222;__,8.18269267821307,9.223264027170677,4.05542227133059,7.153792992238112
Pasteurellaceae* (f),d__Bacteria;p__Proteobacteria;c__Gammaproteobacteria;o__Enterobacterales_A_737866;f__Pasteurellaceae;__,12.402196377996432,3.1820462057323526,1.5849744786356355,5.723072354121474
Gammaproteobacteria* (c),d__Bacteria;p__Proteobacteria;c__Gammaproteobacteria;__;__;__,1.0095519600302085,6.450680600597403,7.7146246609451525,5.058285740524255
Fusobacterium_C,d__Bacteria;p__Fusobacteriota;c__Fusobacteriia;o__Fusobacteriales_993521;f__Fusobacteriaceae_993521;g__Fusobacterium_C,2.451598581716238,4.623604638411774,1.9300747742344089,3.0017593314541404
Moraxella_C_651924,d__Bacteria;p__Proteobacteria;c__Gammaproteobacteria;o__Pseudomonadales_660879;f__Moraxellaceae;g__Moraxella_C_651924,0.704144521319087,3.859162646899725,2.2367006707445833,2.266669279654465
Corynebacterium,d__Bacteria;p__Actinobacteriota;c__Actinomycetia;o__Mycobacteriales;f__Mycobacteriaceae;g__Corynebacterium,1.8853920142891647,1.7805841670981473,2.384129396149025,2.016701859178779
Lachnospiraceae* (f),d__Bacteria;p__Firmicutes_A;c__Clostridia_258483;o__Lachnospirales;f__Lachnospiraceae;__,2.3991539522584766,2.424745092481454,1.1150377430247644,1.979645595921565
Bacteroides_H,d__Bacteria;p__Bacteroidota;c__Bacteroidia;o__Bacteroidales;f__Bacteroidaceae;g__Bacteroides_H,2.221968008095033,2.573057146804789,0.8166748470830322,1.870566667327618
Actinomycetaceae* (f),d__Bacteria;p__Actinobacteriota;c__Actinomycetia;o__Actinomycetales;f__Actinomycetaceae;__,1.7235960822508696,1.7535052460445417,1.7560563741867634,1.7443859008273916
Bacteroidales* (o),d__Bacteria;p__Bacteroidota;c__Bacteroidia;o__Bacteroidales;__;__,1.8375020302554819,2.51576709434233,0.7303737173505491,1.694547613982787
Pseudoleptotrichia,d__Bacteria;p__Fusobacteriota;c__Fusobacteriia;o__Fusobacteriales_993777;f__Leptotrichiaceae;g__Pseudoleptotrichia,1.3589086957905654,1.5707629059413921,1.5732077295714733,1.5009597771011436
Leptotrichiaceae* (f),d__Bacteria;p__Fusobacteriota;c__Fusobacteriia;o__Fusobacteriales_993777;f__Leptotrichiaceae;__,1.0928713887619985,1.9968718790202662,1.3612409536474983,1.4836614071432546
Actinomyces,d__Bacteria;p__Actinobacteriota;c__Actinomycetia;o__Actinomycetales;f__Actinomycetaceae;g__Actinomyces,1.3314128944796892,0.8874548338879975,1.9711687880818636,1.3966788388165166
Microbacteriaceae* (f),d__Bacteria;p__Actinobacteriota;c__Actinomycetia;o__Actinomycetales;f__Microbacteriaceae;__,0.29610838370331066,0.5417527070426599,2.7988546663829568,1.2122385857096425
WM01,d__Bacteria;p__Firmicutes_D;c__Bacilli;o__Lactobacillales;f__Aerococcaceae;g__WM01,1.9080567520263563,1.0414704757542315,0.5653741220771409,1.1716337832859096
Porphyromonas_A_859423,d__Bacteria;p__Bacteroidota;c__Bacteroidia;o__Bacteroidales;f__Porphyromonadaceae;g__Porphyromonas_A_859423,0.329971459312601,2.2707767154875795,0.7138243566983096,1.1048575104994967
Gemella,d__Bacteria;p__Firmicutes_D;c__Bacilli;o__Staphylococcales;f__Gemellaceae;g__Gemella,0.24990008883714349,1.916650148640548,1.0268983613097693,1.064482866262487
Alloprevotella,d__Bacteria;p__Bacteroidota;c__Bacteroidia;o__Bacteroidales;f__Bacteroidaceae;g__Alloprevotella,0.5485007865379073,1.8724780053121877,0.5862617210561104,1.0024135043020685
Proteocatella_235853,d__Bacteria;p__Firmicutes_A;c__Clostridia_258483;o__Peptostreptococcales;f__Filifactoraceae_235894;g__Proteocatella_235853,1.3924014643500748,1.0431897276219484,0.5535782291310806,0.996389807034368
Burkholderiaceae_A_592522* (f),d__Bacteria;p__Proteobacteria;c__Gammaproteobacteria;o__Burkholderiales_592522;f__Burkholderiaceae_A_592522;__,1.8917714790326212,0.7498337211444721,0.33293481984121687,0.9915133400061035
Cardiobacterium,d__Bacteria;p__Proteobacteria;c__Gammaproteobacteria;o__Cardiobacteriales;f__Cardiobacteriaceae;g__Cardiobacterium,1.3407203190998378,0.7632666267644002,0.6507442063674737,0.9182437174105705
Capnocytophaga_820688,d__Bacteria;p__Bacteroidota;c__Bacteroidia;o__Flavobacteriales_877923;f__Flavobacteriaceae;g__Capnocytophaga_820688,0.821535749661448,1.014491559553497,0.6152521646323474,0.8170931579490975
F0058,d__Bacteria;p__Bacteroidota;c__Bacteroidia;o__Bacteroidales;f__Paludibacteraceae;g__F0058,1.744271080155945,0.5113031359064619,0.1872570039562598,0.8142770733395556
Arachnia,d__Bacteria;p__Actinobacteriota;c__Actinomycetia;o__Propionibacteriales;f__Propionibacteriaceae;g__Arachnia,0.9552610095845322,0.6761462448696431,0.7538421375831494,0.7950831306791083
Veillonella_A,d__Bacteria;p__Firmicutes_C;c__Negativicutes;o__Veillonellales;f__Veillonellaceae;g__Veillonella_A,1.2528890616285968,0.0,0.903219721573375,0.7187029277339906
Campylobacteraceae* (f),d__Bacteria;p__Campylobacterota;c__Campylobacteria;o__Campylobacterales;f__Campylobacteraceae;__,0.9743045426270146,0.632838624783284,0.16706274244023042,0.5914019699501764
Capnocytophaga_820690,d__Bacteria;p__Bacteroidota;c__Bacteroidia;o__Flavobacteriales_877923;f__Flavobacteriaceae;g__Capnocytophaga_820690,0.7355524849926348,0.6547278582890392,0.33610591982071747,0.5754620877007971
Burkholderiales_592524* (o),d__Bacteria;p__Proteobacteria;c__Gammaproteobacteria;o__Burkholderiales_592524;__;__,0.6208716879028968,0.5967716249185893,0.4295835136086698,0.549075608810052
Peptoanaerobacter,d__Bacteria;p__Firmicutes_A;c__Clostridia_258483;o__Peptostreptococcales;f__Filifactoraceae_235894;g__Peptoanaerobacter,0.626716038358439,0.5531359885152204,0.4035582500999817,0.5278034256578804
Weeksellaceae* (f),d__Bacteria;p__Bacteroidota;c__Bacteroidia;o__Flavobacteriales_877923;f__Weeksellaceae;__,0.452789961303893,0.671037083600057,0.32719950099061224,0.48367551529818736
Alysiella,d__Bacteria;p__Proteobacteria;c__Gammaproteobacteria;o__Burkholderiales_597441;f__Neisseriaceae_563222;g__Alysiella,0.0,0.39069115263612064,0.9278745689096959,0.4395219071819388
Aerococcaceae* (f),d__Bacteria;p__Firmicutes_D;c__Bacilli;o__Lactobacillales;f__Aerococcaceae;__,0.42726620978524105,0.7808933421804356,0.0,0.4027198506552256
Prevotella,d__Bacteria;p__Bacteroidota;c__Bacteroidia;o__Bacteroidales;f__Bacteroidaceae;g__Prevotella,0.552197953874488,0.16116874922308266,0.45567928216004044,0.38968199508587037
Proteiniphilum,d__Bacteria;p__Bacteroidota;c__Bacteroidia;o__Bacteroidales;f__Dysgonomonadaceae;g__Proteiniphilum,0.1728364447490149,0.9727693809602158,0.0,0.3818686085697436
Erysipelotrichaceae* (f),d__Bacteria;p__Firmicutes_D;c__Bacilli;o__Erysipelotrichales;f__Erysipelotrichaceae;__,0.39201998158390083,0.6517033428672161,0.10096973958398212,0.3815643546783664
Porphyromonas_A_859424,d__Bacteria;p__Bacteroidota;c__Bacteroidia;o__Bacteroidales;f__Porphyromonadaceae;g__Porphyromonas_A_859424,0.39810585066850546,0.5083639554295085,0.22919832886378166,0.3785560449872652
Desulfobulbaceae* (f),d__Bacteria;p__Desulfobacterota_I;c__Desulfobulbia;o__Desulfobulbales;f__Desulfobulbaceae;__,0.4075357782539913,0.6246795496256216,0.09726591589537835,0.37649374792499707
Desulfovibrio_R_446353,d__Bacteria;p__Desulfobacterota_I;c__Desulfovibrionia;o__Desulfovibrionales;f__Desulfovibrionaceae;g__Desulfovibrio_R_446353,0.6144198816517285,0.47840011730191084,0.0,0.36427333298454645
Lactobacillales* (o),d__Bacteria;p__Firmicutes_D;c__Bacilli;o__Lactobacillales;__;__,0.5175970376404887,0.48869596090502354,0.03039559871730573,0.34556286575427264
Actinomycetia* (c),d__Bacteria;p__Actinobacteriota;c__Actinomycetia;__;__;__,0.2863561888750243,0.4313414099395031,0.3141465896306668,0.3439480628150647
CAJPSE01,d__Bacteria;p__Synergistota;c__Synergistia;o__Synergistales;f__Aminobacteriaceae;g__CAJPSE01,0.45290833680448733,0.5325353265875739,0.0,0.32848122113068706
Campylobacter_A,d__Bacteria;p__Campylobacterota;c__Campylobacteria;o__Campylobacterales;f__Campylobacteraceae;g__Campylobacter_A,0.21115607953545662,0.7340415746205148,0.031415717911985726,0.32553779068931904
Tannerellaceae* (f),d__Bacteria;p__Bacteroidota;c__Bacteroidia;o__Bacteroidales;f__Tannerellaceae;__,0.25595884778222694,0.5518956039685716,0.15442896564381567,0.3207611391315381
SDRW01,d__Bacteria;p__Patescibacteria;c__Saccharimonadia;o__Saccharimonadales;f__UBA10027;g__SDRW01,0.0,0.2912338909734372,0.6356466121582611,0.3089601677105661
Suttonella,d__Bacteria;p__Proteobacteria;c__Gammaproteobacteria;o__Cardiobacteriales;f__Cardiobacteriaceae;g__Suttonella,0.18300983223462594,0.4981749023786616,0.07750877672912962,0.25289783711413905
Ga6A1,d__Bacteria;p__Bacteroidota;c__Bacteroidia;o__Bacteroidales;f__Bacteroidaceae;g__Ga6A1,0.0,0.521709524561329,0.2045415437608309,0.24208368944071998
Brooklawnia,d__Bacteria;p__Actinobacteriota;c__Actinomycetia;o__Propionibacteriales;f__Propionibacteriaceae;g__Brooklawnia,0.1509315548946459,0.3131603177577234,0.23999193776863142,0.2346946034736669
Selenomonadaceae_42771* (f),d__Bacteria;p__Firmicutes_C;c__Negativicutes;o__Selenomonadales;f__Selenomonadaceae_42771;__,0.6605307094277221,0.0,0.019512195121951223,0.22668096818322445
Peptostreptococcus,d__Bacteria;p__Firmicutes_A;c__Clostridia_258483;o__Peptostreptococcales;f__Peptostreptococcaceae_256921;g__Peptostreptococcus,0.3197613188955793,0.29669700032934293,0.042886594766482614,0.21978163799713493
Saccharimonadales* (o),d__Bacteria;p__Patescibacteria;c__Saccharimonadia;o__Saccharimonadales;__;__,0.0,0.3428150674639385,0.2624057720246305,0.201740279829523
Clostridia_258483* (c),d__Bacteria;p__Firmicutes_A;c__Clostridia_258483;__;__;__,0.4322707321581918,0.11575160331612702,0.0405896527393268,0.1962039960712152
Actinobacillus_B,d__Bacteria;p__Proteobacteria;c__Gammaproteobacteria;o__Enterobacterales_A_737866;f__Pasteurellaceae;g__Actinobacillus_B,0.0,0.4625194405838444,0.12200905806918905,0.19484283288434448
Leptotrichia_A_993758,d__Bacteria;p__Fusobacteriota;c__Fusobacteriia;o__Fusobacteriales_993777;f__Leptotrichiaceae;g__Leptotrichia_A_993758,0.2248818417441683,0.0,0.2824552079766176,0.1691123499069286
Parvimonas,d__Bacteria;p__Firmicutes_A;c__Clostridia_258483;o__Tissierellales;f__Peptoniphilaceae;g__Parvimonas,0.0,0.38482396128816954,0.11513187163353912,0.1666519443072362
Mitsuokella,d__Bacteria;p__Firmicutes_C;c__Negativicutes;o__Selenomonadales;f__Selenomonadaceae_42771;g__Mitsuokella,0.28305573220508656,0.13897380638158502,0.01610806208507358,0.14604586689058172
Fusibacter_A,d__Bacteria;p__Firmicutes_A;c__Clostridia_258483;o__Peptostreptococcales;f__Acidaminobacteraceae;g__Fusibacter_A,0.290435177944199,0.11013333385073283,0.020244410376173763,0.14027097405703517
HOT-345,d__Bacteria;p__Patescibacteria;c__JAEDAM01;o__Absconditabacterales;f__X112;g__HOT-345,0.15549186018247899,0.1923045108715467,0.07148617805533625,0.13976084970312067
UBA932* (f),d__Bacteria;p__Bacteroidota;c__Bacteroidia;o__Bacteroidales;f__UBA932;__,0.1800209880977925,0.1993440249099284,0.033507728879595966,0.13762424729577227
Alkanindiges,d__Bacteria;p__Proteobacteria;c__Gammaproteobacteria;o__Pseudomonadales_660879;f__Moraxellaceae;g__Alkanindiges,0.1346568155148525,0.10062611806797854,0.08783258517950482,0.10770517292077862
F0428,d__Bacteria;p__Firmicutes_A;c__Clostridia_258483;o__Lachnospirales;f__Lachnospiraceae;g__F0428,0.0,0.07241610695060871,0.235846442769379,0.1027541832399959
Porphyromonas_A_859426,d__Bacteria;p__Bacteroidota;c__Bacteroidia;o__Bacteroidales;f__Porphyromonadaceae;g__Porphyromonas_A_859426,0.0,0.09090312025400603,0.18200925810672752,0.09097079278691118
Paraprevotella,d__Bacteria;p__Bacteroidota;c__Bacteroidia;o__Bacteroidales;f__Bacteroidaceae;g__Paraprevotella,0.04838012685929453,0.21169348234951352,0.0,0.0866912030696027
Nanogingivalis,d__Bacteria;p__Patescibacteria;c__Saccharimonadia;o__Saccharimonadales;f__Nanogingivalaceae;g__Nanogingivalis,0.077827880842135,0.12833428811746775,0.037537081703740025,0.0812330835544476
UBA10566,d__Bacteria;p__Bacteroidota;c__Bacteroidia;o__Bacteroidales;f__P3;g__UBA10566,0.0,0.2328578999783697,0.0,0.0776192999927899
Campylobacter_B,d__Bacteria;p__Campylobacterota;c__Campylobacteria;o__Campylobacterales;f__Campylobacteraceae;g__Campylobacter_B,0.0,0.0,0.2311677528542949,0.0770559176180983
Agathobacter_164119,d__Bacteria;p__Firmicutes_A;c__Clostridia_258483;o__Lachnospirales;f__Lachnospiraceae;g__Agathobacter_164119,0.22722101517997176,0.0,0.0,0.07574033839332392
Naumannella,d__Bacteria;p__Actinobacteriota;c__Actinomycetia;o__Propionibacteriales;f__Propionibacteriaceae;g__Naumannella,0.0,0.11180679785330949,0.09828498394408099,0.07003059393246348
Marseille-P3160,d__Bacteria;p__Bacteroidota;c__Bacteroidia;o__Bacteroidales;f__Tannerellaceae;g__Marseille-P3160,0.1662948567739295,0.04066948224620679,0.0,0.06898811300671209
H1,d__Bacteria;p__Bacteroidota;c__Bacteroidia;o__Bacteroidales;f__Paludibacteraceae;g__H1,0.08547010066893065,0.10636633818238699,0.0,0.06394547961710588
Treponema_B_986141,d__Bacteria;p__Spirochaetota;c__Spirochaetia;o__Treponematales;f__Treponemataceae;g__Treponema_B_986141,0.0,0.15366074118710454,0.03715330073454545,0.06360468064055
Acidaminobacteraceae* (f),d__Bacteria;p__Firmicutes_A;c__Clostridia_258483;o__Peptostreptococcales;f__Acidaminobacteraceae;__,0.0805240004786478,0.0650759219088937,0.03099447144663711,0.058864797944726203
Patescibacteria* (p),d__Bacteria;p__Patescibacteria;__;__;__;__,0.0,0.0,0.17520557838496703,0.05840185946165568
Lachnospirales* (o),d__Bacteria;p__Firmicutes_A;c__Clostridia_258483;o__Lachnospirales;__;__,0.014958863126402395,0.10949475989363366,0.031415717911985726,0.051956446977340594
Johnsonella,d__Bacteria;p__Firmicutes_A;c__Clostridia_258483;o__Lachnospirales;f__Lachnospiraceae;g__Johnsonella,0.0,0.0626118067978533,0.09307740239213362,0.05189640306332897
Limiplasma,d__Bacteria;p__Firmicutes_A;c__Clostridia_258483;o__Christensenellales;f__CAG-74;g__Limiplasma,0.0,0.14077897700610043,0.006576178451178452,0.04911838515242629
Treponema_C,d__Bacteria;p__Spirochaetota;c__Spirochaetia;o__Treponematales;f__Treponemataceae;g__Treponema_C,0.11692040723899504,0.024103645676408554,0.0,0.04700801763846787
Bacteria* (d),d__Bacteria;__;__;__;__;__,0.10799408553739236,0.0,0.03059962255624173,0.046197902697878025
Nanosyncoccus,d__Bacteria;p__Patescibacteria;c__Saccharimonadia;o__Saccharimonadales;f__Nanosyncoccaceae;g__Nanosyncoccus,0.03922378199834847,0.0711228183754398,0.007588075880758807,0.03931155875151569
Catenisphaera,d__Bacteria;p__Firmicutes_D;c__Bacilli;o__Erysipelotrichales;f__Erysipelotrichaceae;g__Catenisphaera,0.0,0.0,0.11609423244018226,0.03869807748006075
JAACSU01,d__Bacteria;p__Patescibacteria;c__JAEDAM01;o__BD1-5;f__UBA6164;g__JAACSU01,0.041288191577208914,0.0,0.05713659279321596,0.03280826145680829
Acetoanaerobium,d__Bacteria;p__Firmicutes_A;c__Clostridia_258483;o__Peptostreptococcales;f__Filifactoraceae_235894;g__Acetoanaerobium,0.08753024558187529,0.0,0.0,0.029176748527291765
Oscillospiraceae_88309* (f),d__Bacteria;p__Firmicutes_A;c__Clostridia_258483;o__Oscillospirales;f__Oscillospiraceae_88309;__,0.049862877088007976,0.028155795401220086,0.0,0.02600622416307602
UBA9076,d__Bacteria;p__Firmicutes_D;c__Bacilli;o__Erysipelotrichales;f__Erysipelotrichaceae;g__UBA9076,0.0,0.05319401223442344,0.01823735923038344,0.023810457154935627
Cryptobacteroides,d__Bacteria;p__Bacteroidota;c__Bacteroidia;o__Bacteroidales;f__UBA932;g__Cryptobacteroides,0.03611095498938612,0.03441263882371344,0.0,0.02350786460436652
Anaerovoracaceae* (f),d__Bacteria;p__Firmicutes_A;c__Clostridia_258483;o__Peptostreptococcales;f__Anaerovoracaceae;__,0.02243829468960359,0.04692632566870014,0.0,0.02312154011943458
Nigerium,d__Bacteria;p__Actinobacteriota;c__Actinomycetia;o__Propionibacteriales;f__Propionibacteriaceae;g__Nigerium,0.0,0.06912618985715893,0.0,0.023042063285719644
Tenuifilaceae* (f),d__Bacteria;p__Bacteroidota;c__Bacteroidia;o__Bacteroidales;f__Tenuifilaceae;__,0.022708505367464906,0.03441263882371344,0.0,0.01904038139705945
Aliarcobacter,d__Bacteria;p__Campylobacterota;c__Campylobacteria;o__Campylobacterales;f__Arcobacteraceae;g__Aliarcobacter,0.052546969821430374,0.0,0.0,0.017515656607143458
Tannerella,d__Bacteria;p__Bacteroidota;c__Bacteroidia;o__Bacteroidales;f__Tannerellaceae;g__Tannerella,0.0,0.0,0.052281148914180835,0.017427049638060278
CAG-238,d__Bacteria;p__Firmicutes_A;c__Clostridia_258483;o__Peptostreptococcales;f__Anaerovoracaceae;g__CAG-238,0.0,0.0,0.047462098309246026,0.015820699436415342
Wolinella,d__Bacteria;p__Campylobacterota;c__Campylobacteria;o__Campylobacterales;f__Helicobacteraceae;g__Wolinella,0.01651527663088357,0.024304617877396704,0.0,0.013606631502760091
Desulfobulbus_A_451156,d__Bacteria;p__Desulfobacterota_I;c__Desulfobulbia;o__Desulfobulbales;f__Desulfobulbaceae;g__Desulfobulbus_A_451156,0.0,0.0,0.036102432559179026,0.012034144186393009
Acinetobacter,d__Bacteria;p__Proteobacteria;c__Gammaproteobacteria;o__Pseudomonadales_660879;f__Moraxellaceae;g__Acinetobacter,0.0,0.0,0.03191397113300672,0.010637990377668908
W11650,d__Bacteria;p__Firmicutes_A;c__Clostridia_258483;o__Lachnospirales;f__Vallitaleaceae_A_116062;g__W11650,0.0,0.008944543828264758,0.021860941401171285,0.010268495076478682
Burkholderiaceae_A_595425* (f),d__Bacteria;p__Proteobacteria;c__Gammaproteobacteria;o__Burkholderiales_595425;f__Burkholderiaceae_A_595425;__,0.0,0.0,0.019851150489580655,0.006617050163193552
Flavobacteriaceae* (f),d__Bacteria;p__Bacteroidota;c__Bacteroidia;o__Flavobacteriales_877923;f__Flavobacteriaceae;__,0.0,0.01351113904278559,0.0,0.004503713014261863
Peptostreptococcales* (o),d__Bacteria;p__Firmicutes_A;c__Clostridia_258483;o__Peptostreptococcales;__;__,0.0,0.0,0.011071733098295906,0.003690577699431969
